DIP-11033N|refseq:NP_418162|uniprotkb:P25522,DIP-31866N|uniprotkb:P0A9D8,['Cytoplasm'],['Cytoplasm']
DIP-11033N|refseq:NP_418162|uniprotkb:P25522,DIP-47886N|uniprotkb:P0A8A0,['Cytoplasm'],['Cytoplasm']
DIP-47886N|uniprotkb:P0A8A0,DIP-48202N|uniprotkb:P0A890,['Cytoplasm'],['Cytoplasm']
DIP-48106N|uniprotkb:P0A8U0,DIP-48202N|uniprotkb:P0A890,['Cytoplasm'],['Cytoplasm']
DIP-2903N|uniprotkb:P28629,DIP-48106N|uniprotkb:P0A8U0,['Cytoplasm'],['Cytoplasm']
DIP-2903N|uniprotkb:P28629,DIP-47898N|uniprotkb:P64602,['Cytoplasm'],['Cytoplasm']
DIP-47898N|uniprotkb:P64602,DIP-48175N|uniprotkb:P68191,['Cytoplasm'],['Cytoplasm']
DIP-10192N|refseq:NP_418374|uniprotkb:P00935,DIP-48175N|uniprotkb:P68191,['Cytoplasm'],['Cytoplasm']
DIP-10192N|refseq:NP_418374|uniprotkb:P00935,DIP-36215N|uniprotkb:P0A794,['Cytoplasm'],['Cytoplasm']
DIP-36215N|uniprotkb:P0A794,DIP-47895N|uniprotkb:P0A8X0,['Cytoplasm'],['Cytoplasm']
DIP-47877N|uniprotkb:P0A8U2,DIP-47895N|uniprotkb:P0A8X0,['Cytoplasm'],['Cytoplasm']
DIP-9265N|refseq:NP_288169|uniprotkb:P69791,DIP-47877N|uniprotkb:P0A8U2,['Cytoplasm'],['Cytoplasm']
DIP-9265N|refseq:NP_288169|uniprotkb:P69791,DIP-12825N|refseq:NP_416969|uniprotkb:P76562,['Cytoplasm'],['Cytoplasm']
DIP-10774N|refseq:NP_289131|uniprotkb:P0AGB6,DIP-12825N|refseq:NP_416969|uniprotkb:P76562,['Cytoplasm'],['Cytoplasm']
DIP-10774N|refseq:NP_289131|uniprotkb:P0AGB6,DIP-48013N|uniprotkb:P0A6Y5,['Cytoplasm'],['Cytoplasm']
DIP-12916N|refseq:NP_417741|uniprotkb:P45748,DIP-48013N|uniprotkb:P0A6Y5,['Cytoplasm'],['Cytoplasm']
DIP-9198N|refseq:NP_416583|uniprotkb:P69228,DIP-12916N|refseq:NP_417741|uniprotkb:P45748,['Cytoplasm'],['Cytoplasm']
DIP-9198N|refseq:NP_416583|uniprotkb:P69228,DIP-10278N|refseq:NP_414633|uniprotkb:P17952,['Cytoplasm'],['Cytoplasm']
DIP-1027N|refseq:NP_415271|uniprotkb:P11458,DIP-10278N|refseq:NP_414633|uniprotkb:P17952,['Cytoplasm'],['Cytoplasm']
DIP-1027N|refseq:NP_415271|uniprotkb:P11458,DIP-10693N|refseq:NP_418342|uniprotkb:P09378,['Cytoplasm'],['Cytoplasm']
DIP-9598N|refseq:NP_415117|uniprotkb:P13039,DIP-10693N|refseq:NP_418342|uniprotkb:P09378,['Cytoplasm'],['Cytoplasm']
DIP-9598N|refseq:NP_415117|uniprotkb:P13039,DIP-10455N|refseq:NP_417018|uniprotkb:P37095,['Cytoplasm'],['Cytoplasm']
DIP-10455N|refseq:NP_417018|uniprotkb:P37095,DIP-10499N|refseq:NP_309293|uniprotkb:P0A9K1,['Cytoplasm'],['Cytoplasm']
DIP-10199N|refseq:NP_415632|uniprotkb:P30958,DIP-10499N|refseq:NP_309293|uniprotkb:P0A9K1,['Cytoplasm'],['Cytoplasm']
DIP-9862N|refseq:NP_416513|uniprotkb:P33012,DIP-10199N|refseq:NP_415632|uniprotkb:P30958,['Cytoplasm'],['Cytoplasm']
DIP-9182N|refseq:NP_416380|uniprotkb:P21889,DIP-9862N|refseq:NP_416513|uniprotkb:P33012,['Cytoplasm'],['Cytoplasm']
DIP-6053N|refseq:NP_416402|uniprotkb:P07363,DIP-9182N|refseq:NP_416380|uniprotkb:P21889,['Cytoplasm'],['Cytoplasm']
DIP-6053N|refseq:NP_416402|uniprotkb:P07363,DIP-11501N|refseq:NP_415487|uniprotkb:P75876,['Cytoplasm'],['Cytoplasm']
DIP-10727N|refseq:NP_415602|uniprotkb:P21513,DIP-11501N|refseq:NP_415487|uniprotkb:P75876,['Cytoplasm'],['Cytoplasm']
DIP-10727N|refseq:NP_415602|uniprotkb:P21513,DIP-35672N|uniprotkb:P0A817,['Cytoplasm'],['Cytoplasm']
DIP-6855N|refseq:NP_418073|uniprotkb:P07913,DIP-35672N|uniprotkb:P0A817,['Cytoplasm'],['Cytoplasm']
DIP-6855N|refseq:NP_418073|uniprotkb:P07913,DIP-11112N|refseq:NP_418679|uniprotkb:P07118,['Cytoplasm'],['Cytoplasm']
DIP-11112N|refseq:NP_418679|uniprotkb:P07118,DIP-11343N|refseq:NP_415129|uniprotkb:P0A8Y8,['Cytoplasm'],['Cytoplasm']
DIP-11343N|refseq:NP_415129|uniprotkb:P0A8Y8,DIP-11357N|refseq:NP_286362|uniprotkb:P0A8I8,['Cytoplasm'],['Cytoplasm']
DIP-11357N|refseq:NP_286362|uniprotkb:P0A8I8,DIP-31876N|uniprotkb:P0A9V1,['Cytoplasm'],['Cytoplasm']
DIP-31876N|uniprotkb:P0A9V1,DIP-36196N|uniprotkb:P0A955,['Cytoplasm'],['Cytoplasm']
DIP-36178N|uniprotkb:P0A9J6,DIP-36196N|uniprotkb:P0A955,['Cytoplasm'],['Cytoplasm']
DIP-11024N|refseq:NP_418660|uniprotkb:P28904,DIP-36178N|uniprotkb:P0A9J6,['Cytoplasm'],['Cytoplasm']
DIP-11024N|refseq:NP_418660|uniprotkb:P28904,DIP-11042N|refseq:NP_417843|uniprotkb:P00954,['Cytoplasm'],['Cytoplasm']
DIP-10001N|refseq:NP_418748|uniprotkb:P39377,DIP-11042N|refseq:NP_417843|uniprotkb:P00954,['Cytoplasm'],['Cytoplasm']
DIP-9564N|refseq:NP_287426|uniprotkb:P0A8V6,DIP-10001N|refseq:NP_418748|uniprotkb:P39377,['Cytoplasm'],['Cytoplasm']
DIP-9564N|refseq:NP_287426|uniprotkb:P0A8V6,DIP-10277N|refseq:NP_418403|uniprotkb:P08373,['Cytoplasm'],['Cytoplasm']
DIP-10277N|refseq:NP_418403|uniprotkb:P08373,DIP-35850N|uniprotkb:P0AF36,['Cytoplasm'],['Cytoplasm']
DIP-10238N|refseq:NP_286482|uniprotkb:P0A9G8,DIP-35850N|uniprotkb:P0AF36,['Cytoplasm'],['Cytoplasm']
DIP-10238N|refseq:NP_286482|uniprotkb:P0A9G8,DIP-31864N|uniprotkb:P0A6Q3,['Cytoplasm'],['Cytoplasm']
DIP-6880N|refseq:NP_418016|uniprotkb:P00961,DIP-31864N|uniprotkb:P0A6Q3,['Cytoplasm'],['Cytoplasm']
DIP-6880N|refseq:NP_418016|uniprotkb:P00961,DIP-9835N|refseq:NP_290775|uniprotkb:P0A6F9,['Cytoplasm'],['Cytoplasm']
DIP-9669N|refseq:NP_287852|uniprotkb:P0A9E5,DIP-9835N|refseq:NP_290775|uniprotkb:P0A6F9,['Cytoplasm'],['Cytoplasm']
DIP-9669N|refseq:NP_287852|uniprotkb:P0A9E5,DIP-48271N|uniprotkb:P0A6D7,['Cytoplasm'],['Cytoplasm']
DIP-9607N|refseq:NP_418787|uniprotkb:P39405,DIP-48271N|uniprotkb:P0A6D7,['Cytoplasm'],['Cytoplasm']
DIP-9607N|refseq:NP_418787|uniprotkb:P39405,DIP-10592N|refseq:NP_415819|uniprotkb:P37344,['Cytoplasm'],['Cytoplasm']
DIP-10592N|refseq:NP_415819|uniprotkb:P37344,DIP-12596N|uniprotkb:P39300,['Cytoplasm'],['Cytoplasm']
DIP-9719N|refseq:NP_416128|uniprotkb:P05042,DIP-12596N|uniprotkb:P39300,['Cytoplasm'],['Cytoplasm']
DIP-9719N|refseq:NP_416128|uniprotkb:P05042,DIP-11056N|refseq:NP_416127|uniprotkb:P16525,['Cytoplasm'],['Cytoplasm']
DIP-9201N|refseq:NP_418537|uniprotkb:P30843,DIP-11056N|refseq:NP_416127|uniprotkb:P16525,['Cytoplasm'],['Cytoplasm']
DIP-9201N|refseq:NP_418537|uniprotkb:P30843,DIP-48264N|uniprotkb:P0A873,['Cytoplasm'],['Cytoplasm']
DIP-48133N|uniprotkb:P0AAR3,DIP-48264N|uniprotkb:P0A873,['Cytoplasm'],['Cytoplasm']
DIP-10472N|refseq:NP_415214|uniprotkb:P36938,DIP-48133N|uniprotkb:P0AAR3,['Cytoplasm'],['Cytoplasm']
DIP-10472N|refseq:NP_415214|uniprotkb:P36938,DIP-36035N|uniprotkb:P0A9Q1,['Cytoplasm'],['Cytoplasm']
DIP-10078N|refseq:NP_414876|uniprotkb:P07464,DIP-36035N|uniprotkb:P0A9Q1,['Cytoplasm'],['Cytoplasm']
DIP-10078N|refseq:NP_414876|uniprotkb:P07464,DIP-10437N|refseq:NP_414675|uniprotkb:P31663,['Cytoplasm'],['Cytoplasm']
DIP-10437N|refseq:NP_414675|uniprotkb:P31663,DIP-47870N|uniprotkb:P0A812,['Cytoplasm'],['Cytoplasm']
DIP-11848N|refseq:NP_416464|uniprotkb:P76329,DIP-47870N|uniprotkb:P0A812,['Cytoplasm'],['Cytoplasm']
DIP-11848N|refseq:NP_416464|uniprotkb:P76329,DIP-29378N|uniprotkb:P0AG24,['Cytoplasm'],['Cytoplasm']
DIP-12044N|refseq:NP_289110|uniprotkb:P0AFU4,DIP-29378N|uniprotkb:P0AG24,['Cytoplasm'],['Cytoplasm']
DIP-12044N|refseq:NP_289110|uniprotkb:P0AFU4,DIP-35844N|uniprotkb:P63284,['Cytoplasm'],['Cytoplasm']
DIP-6854N|refseq:NP_285812|uniprotkb:P0A9P0,DIP-35844N|uniprotkb:P63284,['Cytoplasm'],['Cytoplasm']
DIP-6854N|refseq:NP_285812|uniprotkb:P0A9P0,DIP-12689N|refseq:NP_415048|uniprotkb:P75713,['Cytoplasm'],['Cytoplasm']
DIP-11035N|refseq:NP_415651|uniprotkb:P25745,DIP-12689N|refseq:NP_415048|uniprotkb:P75713,['Cytoplasm'],['Cytoplasm']
DIP-10218N|uniprotkb:P78055,DIP-11035N|refseq:NP_415651|uniprotkb:P25745,['Cytoplasm'],['Cytoplasm']
DIP-339N|refseq:NP_313151|uniprotkb:P0A6F5,DIP-10218N|uniprotkb:P78055,['Cytoplasm'],['Cytoplasm']
DIP-339N|refseq:NP_313151|uniprotkb:P0A6F5,DIP-35786N|uniprotkb:P0A6U3,['Cytoplasm'],['Cytoplasm']
DIP-10063N|refseq:NP_415222|uniprotkb:P21866,DIP-35786N|uniprotkb:P0A6U3,['Cytoplasm'],['Cytoplasm']
DIP-9041N|refseq:NP_418440|uniprotkb:P11071,DIP-10063N|refseq:NP_415222|uniprotkb:P21866,['Cytoplasm'],['Cytoplasm']
DIP-9041N|refseq:NP_418440|uniprotkb:P11071,DIP-48118N|uniprotkb:P0AAC0,['Cytoplasm'],['Cytoplasm']
DIP-48057N|uniprotkb:P0A6K6,DIP-48118N|uniprotkb:P0AAC0,['Cytoplasm'],['Cytoplasm']
DIP-10279N|refseq:NP_414630|uniprotkb:P14900,DIP-48057N|uniprotkb:P0A6K6,['Cytoplasm'],['Cytoplasm']
DIP-9062N|refseq:NP_415009|uniprotkb:P23872,DIP-10279N|refseq:NP_414630|uniprotkb:P14900,['Cytoplasm'],['Cytoplasm']
DIP-9062N|refseq:NP_415009|uniprotkb:P23872,DIP-35845N|uniprotkb:P0A9M0,['Cytoplasm'],['Cytoplasm']
DIP-31838N|uniprotkb:P0A6G7,DIP-35845N|uniprotkb:P0A9M0,['Cytoplasm'],['Cytoplasm']
DIP-9399N|refseq:NP_414572|uniprotkb:P04036,DIP-31838N|uniprotkb:P0A6G7,['Cytoplasm'],['Cytoplasm']
DIP-9399N|refseq:NP_414572|uniprotkb:P04036,DIP-48003N|uniprotkb:P0A6S7,['Cytoplasm'],['Cytoplasm']
DIP-47972N|uniprotkb:P0A7F9,DIP-48003N|uniprotkb:P0A6S7,['Cytoplasm'],['Cytoplasm']
DIP-47856N|uniprotkb:P0A6K1,DIP-47972N|uniprotkb:P0A7F9,['Cytoplasm'],['Cytoplasm']
DIP-10280N|refseq:NP_414627|uniprotkb:P22188,DIP-47856N|uniprotkb:P0A6K1,['Cytoplasm'],['Cytoplasm']
DIP-10280N|refseq:NP_414627|uniprotkb:P22188,DIP-36217N|uniprotkb:P0A7A9,['Cytoplasm'],['Cytoplasm']
DIP-9654N|uniprotkb:P31068,DIP-36217N|uniprotkb:P0A7A9,['Cytoplasm'],['Cytoplasm']
DIP-9654N|uniprotkb:P31068,DIP-10604N|refseq:NP_417671|uniprotkb:P69829,['Cytoplasm'],['Cytoplasm']
DIP-9136N|refseq:NP_290596|uniprotkb:P0A6C8,DIP-10604N|refseq:NP_417671|uniprotkb:P69829,['Cytoplasm'],['Cytoplasm']
DIP-9136N|refseq:NP_290596|uniprotkb:P0A6C8,DIP-48228N|uniprotkb:P0AE39,['Cytoplasm'],['Cytoplasm']
DIP-11485N|refseq:NP_415466|uniprotkb:P75862,DIP-48228N|uniprotkb:P0AE39,['Cytoplasm'],['Cytoplasm']
DIP-11485N|refseq:NP_415466|uniprotkb:P75862,DIP-28058N|uniprotkb:P77182,['Cytoplasm'],['Cytoplasm']
DIP-9377N|refseq:NP_290190|uniprotkb:P0A9D4,DIP-28058N|uniprotkb:P77182,['Cytoplasm'],['Cytoplasm']
DIP-9377N|refseq:NP_290190|uniprotkb:P0A9D4,DIP-9418N|refseq:NP_416005|uniprotkb:P77790,['Cytoplasm'],['Cytoplasm']
DIP-9418N|refseq:NP_416005|uniprotkb:P77790,DIP-48120N|uniprotkb:P0A805,['Cytoplasm'],['Cytoplasm']
DIP-12853N|uniprotkb:Q46939,DIP-48120N|uniprotkb:P0A805,['Cytoplasm'],['Cytoplasm']
DIP-12853N|uniprotkb:Q46939,DIP-31836N|uniprotkb:P0A6M8,['Cytoplasm'],['Cytoplasm']
DIP-11166N|refseq:NP_414623|uniprotkb:P22186,DIP-31836N|uniprotkb:P0A6M8,['Cytoplasm'],['Cytoplasm']
DIP-11059N|refseq:NP_417091|uniprotkb:P07023,DIP-11166N|refseq:NP_414623|uniprotkb:P22186,['Cytoplasm'],['Cytoplasm']
DIP-9275N|refseq:NP_416395|uniprotkb:P0A9H9,DIP-11059N|refseq:NP_417091|uniprotkb:P07023,['Cytoplasm'],['Cytoplasm']
DIP-9275N|refseq:NP_416395|uniprotkb:P0A9H9,DIP-36165N|uniprotkb:P69503,['Cytoplasm'],['Cytoplasm']
DIP-36165N|uniprotkb:P69503,DIP-36205N|uniprotkb:P0A825,['Cytoplasm'],['Cytoplasm']
DIP-10017N|refseq:NP_414567|uniprotkb:P00956,DIP-36205N|uniprotkb:P0A825,['Cytoplasm'],['Cytoplasm']
DIP-10017N|refseq:NP_414567|uniprotkb:P00956,DIP-10958N|refseq:NP_312793|uniprotkb:P69428,['Cytoplasm'],['Cytoplasm']
DIP-10958N|refseq:NP_312793|uniprotkb:P69428,DIP-12273N|refseq:NP_417650|uniprotkb:P42641,['Cytoplasm'],['Cytoplasm']
DIP-12273N|refseq:NP_417650|uniprotkb:P42641,DIP-47893N|uniprotkb:P0AGK4,['Cytoplasm'],['Cytoplasm']
DIP-11851N|refseq:NP_416476|uniprotkb:P31658,DIP-47893N|uniprotkb:P0AGK4,['Cytoplasm'],['Cytoplasm']
DIP-10921N|refseq:NP_417016|uniprotkb:P31142,DIP-11851N|refseq:NP_416476|uniprotkb:P31658,['Cytoplasm'],['Cytoplasm']
DIP-10284N|refseq:NP_417308|uniprotkb:P06722,DIP-10921N|refseq:NP_417016|uniprotkb:P31142,['Cytoplasm'],['Cytoplasm']
DIP-9143N|refseq:NP_418675|uniprotkb:P04391,DIP-10284N|refseq:NP_417308|uniprotkb:P06722,['Cytoplasm'],['Cytoplasm']
DIP-9143N|refseq:NP_418675|uniprotkb:P04391,DIP-9219N|refseq:NP_415295|uniprotkb:P12995,['Cytoplasm'],['Cytoplasm']
DIP-9219N|refseq:NP_415295|uniprotkb:P12995,DIP-10436N|refseq:NP_414676|uniprotkb:P31057,['Cytoplasm'],['Cytoplasm']
DIP-10436N|refseq:NP_414676|uniprotkb:P31057,DIP-10522N|refseq:NP_417633|uniprotkb:P05055,['Cytoplasm'],['Cytoplasm']
DIP-10522N|refseq:NP_417633|uniprotkb:P05055,DIP-47853N|uniprotkb:P64461,['Cytoplasm'],['Cytoplasm']
DIP-36037N|uniprotkb:P0A7H0,DIP-47853N|uniprotkb:P64461,['Cytoplasm'],['Cytoplasm']
DIP-9709N|refseq:NP_417921|uniprotkb:P10121,DIP-36037N|uniprotkb:P0A7H0,['Cytoplasm'],['Cytoplasm']
DIP-9709N|refseq:NP_417921|uniprotkb:P10121,DIP-31870N|uniprotkb:P0A763,['Cytoplasm'],['Cytoplasm']
DIP-9460N|refseq:NP_414556|uniprotkb:P08622,DIP-31870N|uniprotkb:P0A763,['Cytoplasm'],['Cytoplasm']
DIP-9150N|refseq:NP_417848|uniprotkb:P07639,DIP-9460N|refseq:NP_414556|uniprotkb:P08622,['Cytoplasm'],['Cytoplasm']
DIP-9150N|refseq:NP_417848|uniprotkb:P07639,DIP-12754N|refseq:NP_416034|uniprotkb:P76143,['Cytoplasm'],['Cytoplasm']
DIP-12754N|refseq:NP_416034|uniprotkb:P76143,DIP-35952N|uniprotkb:P0A814,['Cytoplasm'],['Cytoplasm']
DIP-10697N|refseq:NP_415318|uniprotkb:P25888,DIP-35952N|uniprotkb:P0A814,['Cytoplasm'],['Cytoplasm']
DIP-10697N|refseq:NP_415318|uniprotkb:P25888,DIP-48115N|uniprotkb:P0AGG4,['Cytoplasm'],['Cytoplasm']
DIP-46203N|refseq:NP_417918|uniprotkb:P0AGB3,DIP-48115N|uniprotkb:P0AGG4,['Cytoplasm'],['Cytoplasm']
DIP-46203N|refseq:NP_417918|uniprotkb:P0AGB3,DIP-48161N|uniprotkb:P0AB58,['Cytoplasm'],['Cytoplasm']
DIP-10135N|refseq:NP_417316|uniprotkb:P03030,DIP-48161N|uniprotkb:P0AB58,['Cytoplasm'],['Cytoplasm']
DIP-10135N|refseq:NP_417316|uniprotkb:P03030,DIP-35940N|uniprotkb:P0A715,['Cytoplasm'],['Cytoplasm']
DIP-35644N|uniprotkb:P0A8J8,DIP-35940N|uniprotkb:P0A715,['Cytoplasm'],['Cytoplasm']
DIP-9810N|refseq:NP_416899|uniprotkb:P04805,DIP-35644N|uniprotkb:P0A8J8,['Cytoplasm'],['Cytoplasm']
DIP-9810N|refseq:NP_416899|uniprotkb:P04805,DIP-9870N|refseq:NP_415394|uniprotkb:P75825,['Cytoplasm'],['Cytoplasm']
DIP-9870N|refseq:NP_415394|uniprotkb:P75825,DIP-36219N|uniprotkb:P0A7D4,['Cytoplasm'],['Cytoplasm']
DIP-36219N|uniprotkb:P0A7D4,DIP-48008N|uniprotkb:P60716,['Cytoplasm'],['Cytoplasm']
DIP-11149N|refseq:NP_418022|uniprotkb:P00944,DIP-48008N|uniprotkb:P60716,['Cytoplasm'],['Cytoplasm']
DIP-9109N|refseq:NP_310501|uniprotkb:P0A962,DIP-11149N|refseq:NP_418022|uniprotkb:P00944,['Cytoplasm'],['Cytoplasm']
DIP-9109N|refseq:NP_310501|uniprotkb:P0A962,DIP-48218N|uniprotkb:P0AEI4,['Cytoplasm'],['Cytoplasm']
DIP-47975N|uniprotkb:P0A6R3,DIP-48218N|uniprotkb:P0AEI4,['Cytoplasm'],['Cytoplasm']
DIP-28070N|uniprotkb:Q46877,DIP-47975N|uniprotkb:P0A6R3,['Cytoplasm'],['Cytoplasm']
DIP-28070N|uniprotkb:Q46877,DIP-47971N|uniprotkb:P76536,['Cytoplasm'],['Cytoplasm']
DIP-47905N|uniprotkb:P0AF90,DIP-47971N|uniprotkb:P76536,['Cytoplasm'],['Cytoplasm']
DIP-47905N|uniprotkb:P0AF90,DIP-48259N|uniprotkb:P0A944,['Cytoplasm'],['Cytoplasm']
DIP-2901N|refseq:NP_414890|uniprotkb:P25437,DIP-48259N|uniprotkb:P0A944,['Cytoplasm'],['Cytoplasm']
DIP-2901N|refseq:NP_414890|uniprotkb:P25437,DIP-46256N|uniprotkb:P0C0V0,['Cytoplasm'],['Cytoplasm']
DIP-10459N|refseq:NP_417384|uniprotkb:P15034,DIP-46256N|uniprotkb:P0C0V0,['Cytoplasm'],['Cytoplasm']
DIP-10273N|refseq:NP_415444|uniprotkb:P22523,DIP-10459N|refseq:NP_417384|uniprotkb:P15034,['Cytoplasm'],['Cytoplasm']
DIP-6168N|refseq:NP_286765|uniprotkb:P0A9P4,DIP-10273N|refseq:NP_415444|uniprotkb:P22523,['Cytoplasm'],['Cytoplasm']
DIP-6168N|refseq:NP_286765|uniprotkb:P0A9P4,DIP-10458N|refseq:NP_415452|uniprotkb:P04825,['Cytoplasm'],['Cytoplasm']
DIP-10458N|refseq:NP_415452|uniprotkb:P04825,DIP-39981N|uniprotkb:P60293,['Cytoplasm'],['Cytoplasm']
DIP-11486N|refseq:NP_415468|uniprotkb:P75864,DIP-39981N|uniprotkb:P60293,['Cytoplasm'],['Cytoplasm']
DIP-9645N|refseq:NP_288328|uniprotkb:P0ABY7,DIP-11486N|refseq:NP_415468|uniprotkb:P75864,['Cytoplasm'],['Cytoplasm']
DIP-9645N|refseq:NP_288328|uniprotkb:P0ABY7,DIP-35856N|uniprotkb:P0AAB8,['Cytoplasm'],['Cytoplasm']
DIP-10649N|refseq:NP_414927|uniprotkb:P36767,DIP-35856N|uniprotkb:P0AAB8,['Cytoplasm'],['Cytoplasm']
DIP-10649N|refseq:NP_414927|uniprotkb:P36767,DIP-29375N|uniprotkb:P0A8Z3,['Cytoplasm'],['Cytoplasm']
DIP-11015N|refseq:NP_415518|uniprotkb:P36662,DIP-29375N|uniprotkb:P0A8Z3,['Cytoplasm'],['Cytoplasm']
DIP-9047N|refseq:NP_417058|uniprotkb:P24224,DIP-11015N|refseq:NP_415518|uniprotkb:P36662,['Cytoplasm'],['Cytoplasm']
DIP-9047N|refseq:NP_417058|uniprotkb:P24224,DIP-10448N|refseq:NP_414594|uniprotkb:P19624,['Cytoplasm'],['Cytoplasm']
DIP-9452N|refseq:NP_415414|uniprotkb:P18775,DIP-10448N|refseq:NP_414594|uniprotkb:P19624,['Cytoplasm'],['Cytoplasm']
DIP-9452N|refseq:NP_415414|uniprotkb:P18775,DIP-48058N|uniprotkb:P0C0L2,['Cytoplasm'],['Cytoplasm']
DIP-9754N|refseq:NP_416974|uniprotkb:P0A9I3,DIP-48058N|uniprotkb:P0C0L2,['Cytoplasm'],['Cytoplasm']
DIP-9754N|refseq:NP_416974|uniprotkb:P0A9I3,DIP-10410N|refseq:NP_417178|uniprotkb:P33596,['Cytoplasm'],['Cytoplasm']
DIP-10410N|refseq:NP_417178|uniprotkb:P33596,DIP-10985N|refseq:NP_414957|uniprotkb:P77718,['Cytoplasm'],['Cytoplasm']
DIP-10985N|refseq:NP_414957|uniprotkb:P77718,DIP-12309N|refseq:NP_417803|uniprotkb:P45531,['Cytoplasm'],['Cytoplasm']
DIP-9777N|refseq:NP_312819|uniprotkb:P0A9C5,DIP-12309N|refseq:NP_417803|uniprotkb:P45531,['Cytoplasm'],['Cytoplasm']
DIP-2896N|refseq:NP_415427|uniprotkb:P23721,DIP-9777N|refseq:NP_312819|uniprotkb:P0A9C5,['Cytoplasm'],['Cytoplasm']
DIP-2896N|refseq:NP_415427|uniprotkb:P23721,DIP-10125N|refseq:NP_415057|uniprotkb:P43341,['Cytoplasm'],['Cytoplasm']
DIP-10125N|refseq:NP_415057|uniprotkb:P43341,DIP-31858N|uniprotkb:P0A9A9,['Cytoplasm'],['Cytoplasm']
DIP-31858N|uniprotkb:P0A9A9,DIP-47902N|uniprotkb:P0C0R7,['Cytoplasm'],['Cytoplasm']
DIP-9655N|refseq:NP_416451|uniprotkb:P52612,DIP-47902N|uniprotkb:P0C0R7,['Cytoplasm'],['Cytoplasm']
DIP-9571N|refseq:NP_418327|uniprotkb:P13024,DIP-9655N|refseq:NP_416451|uniprotkb:P52612,['Cytoplasm'],['Cytoplasm']
DIP-9571N|refseq:NP_418327|uniprotkb:P13024,DIP-36012N|uniprotkb:P0A8F4,['Cytoplasm'],['Cytoplasm']
DIP-9249N|refseq:NP_415520|uniprotkb:P36659,DIP-36012N|uniprotkb:P0A8F4,['Cytoplasm'],['Cytoplasm']
DIP-9249N|refseq:NP_415520|uniprotkb:P36659,DIP-48064N|refseq:NP_416375|uniprotkb:P0A809,['Cytoplasm'],['Cytoplasm']
DIP-48064N|refseq:NP_416375|uniprotkb:P0A809,DIP-48154N|uniprotkb:P0AB18,['Cytoplasm'],['Cytoplasm']
DIP-35752N|uniprotkb:P0A9P6,DIP-48154N|uniprotkb:P0AB18,['Cytoplasm'],['Cytoplasm']
DIP-9176N|refseq:NP_418200|uniprotkb:P00963,DIP-35752N|uniprotkb:P0A9P6,['Cytoplasm'],['Cytoplasm']
DIP-9176N|refseq:NP_418200|uniprotkb:P00963,DIP-11800N|refseq:NP_416314|uniprotkb:P76251,['Cytoplasm'],['Cytoplasm']
DIP-11434N|uniprotkb:P75782,DIP-11800N|refseq:NP_416314|uniprotkb:P76251,['Cytoplasm'],['Cytoplasm']
DIP-10920N|refseq:NP_417071|uniprotkb:P21507,DIP-11434N|uniprotkb:P75782,['Cytoplasm'],['Cytoplasm']
DIP-9080N|refseq:NP_417177|uniprotkb:P00957,DIP-10920N|refseq:NP_417071|uniprotkb:P21507,['Cytoplasm'],['Cytoplasm']
DIP-9080N|refseq:NP_417177|uniprotkb:P00957,DIP-47986N|uniprotkb:P68739,['Cytoplasm'],['Cytoplasm']
DIP-10800N|refseq:NP_312945|uniprotkb:P0AFX4,DIP-47986N|uniprotkb:P68739,['Cytoplasm'],['Cytoplasm']
DIP-9301N|refseq:NP_415639|uniprotkb:P75960,DIP-10800N|refseq:NP_312945|uniprotkb:P0AFX4,['Cytoplasm'],['Cytoplasm']
DIP-9301N|refseq:NP_415639|uniprotkb:P75960,DIP-9793N|refseq:NP_417884|uniprotkb:P13035,['Cytoplasm'],['Cytoplasm']
DIP-9793N|refseq:NP_417884|uniprotkb:P13035,DIP-35852N|uniprotkb:P0AFJ5,['Cytoplasm'],['Cytoplasm']
DIP-9458N|refseq:NP_414726|uniprotkb:P10443,DIP-35852N|uniprotkb:P0AFJ5,['Cytoplasm'],['Cytoplasm']
DIP-6052N|refseq:NP_416396|uniprotkb:P0AE67,DIP-11350N|refseq:NP_415133|uniprotkb:P77806,['Cytoplasm'],['Cytoplasm']
DIP-6052N|refseq:NP_416396|uniprotkb:P0AE67,DIP-35866N|refseq:NP_418367|uniprotkb:P0A7B8,['Cytoplasm'],['Cytoplasm']
DIP-10153N|refseq:NP_416130|uniprotkb:P00946,DIP-35866N|refseq:NP_418367|uniprotkb:P0A7B8,['Cytoplasm'],['Cytoplasm']
DIP-10028N|refseq:NP_418221|uniprotkb:P05827,DIP-10153N|refseq:NP_416130|uniprotkb:P00946,['Cytoplasm'],['Cytoplasm']
DIP-10028N|refseq:NP_418221|uniprotkb:P05827,DIP-47866N|uniprotkb:P63177,['Cytoplasm'],['Cytoplasm']
DIP-9364N|refseq:NP_414872|uniprotkb:P27111,DIP-47866N|uniprotkb:P63177,['Cytoplasm'],['Cytoplasm']
DIP-556N|refseq:NP_417069|uniprotkb:P10902,DIP-9364N|refseq:NP_414872|uniprotkb:P27111,['Cytoplasm'],['Cytoplasm']
DIP-556N|refseq:NP_417069|uniprotkb:P10902,DIP-35884N|uniprotkb:P0AG67,['Cytoplasm'],['Cytoplasm']
DIP-10724N|refseq:NP_415802|uniprotkb:P30850,DIP-35884N|uniprotkb:P0AG67,['Cytoplasm'],['Cytoplasm']
DIP-10724N|refseq:NP_415802|uniprotkb:P30850,DIP-12095N|refseq:NP_417150|uniprotkb:P37338,['Cytoplasm'],['Cytoplasm']
DIP-12095N|refseq:NP_417150|uniprotkb:P37338,DIP-12896N|refseq:NP_289722|uniprotkb:P67087,['Cytoplasm'],['Cytoplasm']
DIP-10848N|refseq:NP_418047|uniprotkb:P14081,DIP-12896N|refseq:NP_289722|uniprotkb:P67087,['Cytoplasm'],['Cytoplasm']
DIP-10848N|refseq:NP_418047|uniprotkb:P14081,DIP-11554N|uniprotkb:P75995,['Cytoplasm'],['Cytoplasm']
DIP-9078N|refseq:NP_418608|uniprotkb:P33224,DIP-11554N|uniprotkb:P75995,['Cytoplasm'],['Cytoplasm']
DIP-9078N|refseq:NP_418608|uniprotkb:P33224,DIP-35876N|refseq:NP_418482|uniprotkb:P0A698,['Cytoplasm'],['Cytoplasm']
DIP-31863N|uniprotkb:P69783,DIP-35876N|refseq:NP_418482|uniprotkb:P0A698,['Cytoplasm'],['Cytoplasm']
DIP-10978N|refseq:NP_415947|uniprotkb:P25397,DIP-31863N|uniprotkb:P69783,['Cytoplasm'],['Cytoplasm']
DIP-9901N|refseq:NP_416526|uniprotkb:P06987,DIP-10978N|refseq:NP_415947|uniprotkb:P25397,['Cytoplasm'],['Cytoplasm']
DIP-9901N|refseq:NP_416526|uniprotkb:P06987,DIP-31875N|uniprotkb:P0ABS1,['Cytoplasm'],['Cytoplasm']
DIP-9324N|refseq:NP_416195|uniprotkb:P77444,DIP-31875N|uniprotkb:P0ABS1,['Cytoplasm'],['Cytoplasm']
DIP-9324N|refseq:NP_416195|uniprotkb:P77444,DIP-10152N|refseq:NP_414937|uniprotkb:P21517,['Cytoplasm'],['Cytoplasm']
DIP-10152N|refseq:NP_414937|uniprotkb:P21517,DIP-48068N|uniprotkb:P0A9N8,['Cytoplasm'],['Cytoplasm']
DIP-47994N|uniprotkb:P0A9M2,DIP-48068N|uniprotkb:P0A9N8,['Cytoplasm'],['Cytoplasm']
DIP-10467N|refseq:NP_415423|uniprotkb:P09373,DIP-47994N|uniprotkb:P0A9M2,['Cytoplasm'],['Cytoplasm']
DIP-10467N|refseq:NP_415423|uniprotkb:P09373,DIP-35989N|uniprotkb:P0A8L1,['Cytoplasm'],['Cytoplasm']
DIP-12388N|uniprotkb:P37655,DIP-35989N|uniprotkb:P0A8L1,['Cytoplasm'],['Cytoplasm']
DIP-12010N|refseq:NP_416880|uniprotkb:P77434,DIP-12388N|uniprotkb:P37655,['Cytoplasm'],['Cytoplasm']
DIP-11146N|refseq:NP_417004|uniprotkb:P04994,DIP-12010N|refseq:NP_416880|uniprotkb:P77434,['Cytoplasm'],['Cytoplasm']
DIP-11146N|refseq:NP_417004|uniprotkb:P04994,DIP-35971N|uniprotkb:P0AGI8,['Cytoplasm'],['Cytoplasm']
DIP-10572N|refseq:NP_416345|uniprotkb:P45577,DIP-35971N|uniprotkb:P0AGI8,['Cytoplasm'],['Cytoplasm']
DIP-9125N|refseq:NP_285760|uniprotkb:P0A9E0,DIP-10572N|refseq:NP_416345|uniprotkb:P45577,['Cytoplasm'],['Cytoplasm']
DIP-9125N|refseq:NP_285760|uniprotkb:P0A9E0,DIP-29380N|uniprotkb:P0A7A7,['Cytoplasm'],['Cytoplasm']
DIP-10461N|refseq:NP_415645|uniprotkb:P29745,DIP-29380N|uniprotkb:P0A7A7,['Cytoplasm'],['Cytoplasm']
DIP-10461N|refseq:NP_415645|uniprotkb:P29745,DIP-48155N|uniprotkb:P0AB20,['Cytoplasm'],['Cytoplasm']
DIP-10052N|uniprotkb:P21179,DIP-48155N|uniprotkb:P0AB20,['Cytoplasm'],['Cytoplasm']
DIP-9656N|refseq:NP_416452|uniprotkb:P52613,DIP-10052N|uniprotkb:P21179,['Cytoplasm'],['Cytoplasm']
DIP-9656N|refseq:NP_416452|uniprotkb:P52613,DIP-10614N|uniprotkb:P15254,['Cytoplasm'],['Cytoplasm']
DIP-10614N|uniprotkb:P15254,DIP-48072N|uniprotkb:P0A7C6,['Cytoplasm'],['Cytoplasm']
DIP-10655N|uniprotkb:P05824,DIP-48072N|uniprotkb:P0A7C6,['Cytoplasm'],['Cytoplasm']
DIP-10655N|uniprotkb:P05824,DIP-47998N|uniprotkb:P63228,['Cytoplasm'],['Cytoplasm']
DIP-10233N|refseq:NP_418294|uniprotkb:P32173,DIP-47998N|uniprotkb:P63228,['Cytoplasm'],['Cytoplasm']
DIP-10233N|refseq:NP_418294|uniprotkb:P32173,DIP-28107N|uniprotkb:P76491,['Cytoplasm'],['Cytoplasm']
DIP-9787N|refseq:NP_415206|uniprotkb:P00962,DIP-28107N|uniprotkb:P76491,['Cytoplasm'],['Cytoplasm']
DIP-9787N|refseq:NP_415206|uniprotkb:P00962,DIP-10190N|refseq:NP_414730|uniprotkb:P52097,['Cytoplasm'],['Cytoplasm']
DIP-9142N|refseq:NP_418395|uniprotkb:P11447,DIP-10190N|refseq:NP_414730|uniprotkb:P52097,['Cytoplasm'],['Cytoplasm']
DIP-9142N|refseq:NP_418395|uniprotkb:P11447,DIP-31855N|refseq:NP_418366|uniprotkb:P0A6H5,['Cytoplasm'],['Cytoplasm']
DIP-31855N|refseq:NP_418366|uniprotkb:P0A6H5,DIP-35919N|refseq:NP_286576|uniprotkb:P0ABT2,['Cytoplasm'],['Cytoplasm']
DIP-10773N|refseq:NP_417539|uniprotkb:P00579,DIP-35919N|refseq:NP_286576|uniprotkb:P0ABT2,['Cytoplasm'],['Cytoplasm']
DIP-10773N|refseq:NP_417539|uniprotkb:P00579,DIP-11687N|refseq:NP_416028|uniprotkb:P77432,['Cytoplasm'],['Cytoplasm']
DIP-10274N|refseq:NP_415443|uniprotkb:P22524,DIP-11687N|refseq:NP_416028|uniprotkb:P77432,['Cytoplasm'],['Cytoplasm']
DIP-9088N|refseq:NP_415049|uniprotkb:P77425,DIP-10274N|refseq:NP_415443|uniprotkb:P22524,['Cytoplasm'],['Cytoplasm']
DIP-9088N|refseq:NP_415049|uniprotkb:P77425,DIP-31834N|uniprotkb:P0A6N4,['Cytoplasm'],['Cytoplasm']
DIP-31834N|uniprotkb:P0A6N4,DIP-36226N|uniprotkb:P0A850,['Cytoplasm'],['Cytoplasm']
DIP-11990N|refseq:NP_416843|uniprotkb:P77399,DIP-36226N|uniprotkb:P0A850,['Cytoplasm'],['Cytoplasm']
DIP-10449N|refseq:NP_416823|uniprotkb:P05459,DIP-11990N|refseq:NP_416843|uniprotkb:P77399,['Cytoplasm'],['Cytoplasm']
DIP-10095N|refseq:NP_415175|uniprotkb:P07813,DIP-10449N|refseq:NP_416823|uniprotkb:P05459,['Cytoplasm'],['Cytoplasm']
DIP-10095N|refseq:NP_415175|uniprotkb:P07813,DIP-11729N|refseq:NP_416171|uniprotkb:P0AC69,['Cytoplasm'],['Cytoplasm']
DIP-11688N|refseq:NP_416029|uniprotkb:P76141,DIP-11729N|refseq:NP_416171|uniprotkb:P0AC69,['Cytoplasm'],['Cytoplasm']
DIP-11688N|refseq:NP_416029|uniprotkb:P76141,DIP-35842N|refseq:NP_417640|uniprotkb:P0A6E4,['Cytoplasm'],['Cytoplasm']
DIP-9851N|refseq:NP_288071|uniprotkb:P0A9D2,DIP-35842N|refseq:NP_417640|uniprotkb:P0A6E4,['Cytoplasm'],['Cytoplasm']
DIP-9851N|refseq:NP_288071|uniprotkb:P0A9D2,DIP-47844N|uniprotkb:P0AFK0,['Cytoplasm'],['Cytoplasm']
DIP-47831N|uniprotkb:P0AEF4,DIP-47844N|uniprotkb:P0AFK0,['Cytoplasm'],['Cytoplasm']
DIP-47831N|uniprotkb:P0AEF4,DIP-48031N|uniprotkb:P0A8G9,['Cytoplasm'],['Cytoplasm']
DIP-11414N|refseq:NP_415301|uniprotkb:P75767,DIP-48031N|uniprotkb:P0A8G9,['Cytoplasm'],['Cytoplasm']
DIP-11414N|refseq:NP_415301|uniprotkb:P75767,DIP-35887N|uniprotkb:P0A6T1,['Cytoplasm'],['Cytoplasm']
DIP-10939N|refseq:NP_416197|uniprotkb:P77499,DIP-35887N|uniprotkb:P0A6T1,['Cytoplasm'],['Cytoplasm']
DIP-10939N|refseq:NP_416197|uniprotkb:P77499,DIP-31854N|uniprotkb:P0A9L3,['Cytoplasm'],['Cytoplasm']
DIP-31854N|uniprotkb:P0A9L3,DIP-31859N|uniprotkb:P0AA16,['Cytoplasm'],['Cytoplasm']
DIP-31859N|uniprotkb:P0AA16,DIP-35936N|uniprotkb:P0A7I0,['Cytoplasm'],['Cytoplasm']
DIP-35936N|uniprotkb:P0A7I0,DIP-48179N|uniprotkb:P63224,['Cytoplasm'],['Cytoplasm']
DIP-35865N|uniprotkb:P63386,DIP-48179N|uniprotkb:P63224,['Cytoplasm'],['Cytoplasm']
DIP-9285N|refseq:NP_415149|uniprotkb:P0A9I1,DIP-35865N|uniprotkb:P63386,['Cytoplasm'],['Cytoplasm']
DIP-9285N|refseq:NP_415149|uniprotkb:P0A9I1,DIP-48098N|uniprotkb:P0A9J0,['Cytoplasm'],['Cytoplasm']
DIP-47875N|refseq:NP_416423|uniprotkb:P0A8G0,DIP-48098N|uniprotkb:P0A9J0,['Cytoplasm'],['Cytoplasm']
DIP-47875N|refseq:NP_416423|uniprotkb:P0A8G0,DIP-48198N|uniprotkb:P64612,['Cytoplasm'],['Cytoplasm']
DIP-48059N|uniprotkb:P0A8B5,DIP-48198N|uniprotkb:P64612,['Cytoplasm'],['Cytoplasm']
DIP-6878N|refseq:NP_416229|uniprotkb:P08312,DIP-48059N|uniprotkb:P0A8B5,['Cytoplasm'],['Cytoplasm']
DIP-6878N|refseq:NP_416229|uniprotkb:P08312,DIP-10066N|refseq:NP_415438|uniprotkb:P04951,['Cytoplasm'],['Cytoplasm']
DIP-10066N|refseq:NP_415438|uniprotkb:P04951,DIP-10733N|refseq:NP_418600|uniprotkb:P21499,['Cytoplasm'],['Cytoplasm']
DIP-10694N|refseq:NP_418341|uniprotkb:P09377,DIP-10733N|refseq:NP_418600|uniprotkb:P21499,['Cytoplasm'],['Cytoplasm']
DIP-10694N|refseq:NP_418341|uniprotkb:P09377,DIP-12520N|uniprotkb:P0ACU5,['Cytoplasm'],['Cytoplasm']
DIP-12520N|uniprotkb:P0ACU5,DIP-47900N|uniprotkb:P69828,['Cytoplasm'],['Cytoplasm']
DIP-6879N|refseq:NP_416228|uniprotkb:P07395,DIP-47900N|uniprotkb:P69828,['Cytoplasm'],['Cytoplasm']
DIP-6879N|refseq:NP_416228|uniprotkb:P07395,DIP-12848N|refseq:NP_417274|uniprotkb:Q46920,['Cytoplasm'],['Cytoplasm']
DIP-12848N|refseq:NP_417274|uniprotkb:Q46920,DIP-48060N|uniprotkb:P0A749,['Cytoplasm'],['Cytoplasm']
DIP-47924N|uniprotkb:P0AG86,DIP-48060N|uniprotkb:P0A749,['Cytoplasm'],['Cytoplasm']
DIP-47924N|uniprotkb:P0AG86,DIP-48156N|uniprotkb:P0A729,['Cytoplasm'],['Cytoplasm']
DIP-11804N|refseq:NP_416321|uniprotkb:P76256,DIP-48156N|uniprotkb:P0A729,['Cytoplasm'],['Cytoplasm']
DIP-10147N|refseq:NP_417875|uniprotkb:P15977,DIP-11804N|refseq:NP_416321|uniprotkb:P76256,['Cytoplasm'],['Cytoplasm']
DIP-9646N|refseq:NP_754200|uniprotkb:P0A8S9,DIP-10147N|refseq:NP_417875|uniprotkb:P15977,['Cytoplasm'],['Cytoplasm']
DIP-9147N|refseq:NP_416390|uniprotkb:P11875,DIP-9646N|refseq:NP_754200|uniprotkb:P0A8S9,['Cytoplasm'],['Cytoplasm']
DIP-9147N|refseq:NP_416390|uniprotkb:P11875,DIP-9907N|refseq:NP_416530|uniprotkb:P06989,['Cytoplasm'],['Cytoplasm']
DIP-9907N|refseq:NP_416530|uniprotkb:P06989,DIP-10603N|refseq:NP_416911|uniprotkb:P08839,['Cytoplasm'],['Cytoplasm']
DIP-9179N|refseq:NP_415450|uniprotkb:P0A8M0,DIP-10603N|refseq:NP_416911|uniprotkb:P08839,['Cytoplasm'],['Cytoplasm']
DIP-9179N|refseq:NP_415450|uniprotkb:P0A8M0,DIP-11562N|refseq:NP_415717|uniprotkb:P76014,['Cytoplasm'],['Cytoplasm']
DIP-9761N|refseq:NP_417450|uniprotkb:P37330,DIP-11562N|refseq:NP_415717|uniprotkb:P76014,['Cytoplasm'],['Cytoplasm']
DIP-726N|uniprotkb:P0A8P6,DIP-9761N|refseq:NP_417450|uniprotkb:P37330,['Cytoplasm'],['Cytoplasm']
DIP-726N|uniprotkb:P0A8P6,DIP-9455N|refseq:NP_418157|uniprotkb:P03004,['Cytoplasm'],['Cytoplasm']
DIP-9455N|refseq:NP_418157|uniprotkb:P03004,DIP-35901N|uniprotkb:P0A9C3,['Cytoplasm'],['Cytoplasm']
DIP-35901N|uniprotkb:P0A9C3,DIP-48012N|refseq:NP_415300|uniprotkb:P0A8F8,['Cytoplasm'],['Cytoplasm']
DIP-10941N|refseq:NP_416194|uniprotkb:P76194,DIP-48012N|refseq:NP_415300|uniprotkb:P0A8F8,['Cytoplasm'],['Cytoplasm']
DIP-10941N|refseq:NP_416194|uniprotkb:P76194,DIP-48132N|uniprotkb:P0AAR0,['Cytoplasm'],['Cytoplasm']
DIP-10500N|refseq:NP_415648|uniprotkb:P23836,DIP-48132N|uniprotkb:P0AAR0,['Cytoplasm'],['Cytoplasm']
DIP-10500N|refseq:NP_415648|uniprotkb:P23836,DIP-48131N|uniprotkb:P0AAN9,['Cytoplasm'],['Cytoplasm']
DIP-47939N|uniprotkb:P0A6J8,DIP-48131N|uniprotkb:P0AAN9,['Cytoplasm'],['Cytoplasm']
DIP-10383N|refseq:NP_416786|uniprotkb:P33602,DIP-47939N|uniprotkb:P0A6J8,['Cytoplasm'],['Cytoplasm']
DIP-10383N|refseq:NP_416786|uniprotkb:P33602,DIP-47984N|uniprotkb:P69488,['Cytoplasm'],['Cytoplasm']
DIP-47984N|uniprotkb:P69488,DIP-48043N|refseq:NP_414723|uniprotkb:P0A722,['Cytoplasm'],['Cytoplasm']
DIP-48043N|refseq:NP_414723|uniprotkb:P0A722,DIP-48204N|uniprotkb:P0A881,['Cytoplasm'],['Cytoplasm']
DIP-10412N|refseq:NP_418586|uniprotkb:P0A784,DIP-48204N|uniprotkb:P0A881,['Cytoplasm'],['Cytoplasm']
DIP-10412N|refseq:NP_418586|uniprotkb:P0A784,DIP-10559N|refseq:NP_417367|uniprotkb:P07012,['Cytoplasm'],['Cytoplasm']
DIP-10503N|refseq:NP_418180|uniprotkb:P0A9K7,DIP-10559N|refseq:NP_417367|uniprotkb:P07012,['Cytoplasm'],['Cytoplasm']
DIP-10503N|refseq:NP_418180|uniprotkb:P0A9K7,DIP-48081N|uniprotkb:P0A9L5,['Cytoplasm'],['Cytoplasm']
DIP-11939N|refseq:NP_416691|uniprotkb:P33920,DIP-48081N|uniprotkb:P0A9L5,['Cytoplasm'],['Cytoplasm']
DIP-9816N|refseq:NP_418017|uniprotkb:P00960,DIP-11939N|refseq:NP_416691|uniprotkb:P33920,['Cytoplasm'],['Cytoplasm']
DIP-9816N|refseq:NP_418017|uniprotkb:P00960,DIP-9887N|uniprotkb:P32131,['Cytoplasm'],['Cytoplasm']
DIP-9887N|uniprotkb:P32131,DIP-47992N|uniprotkb:P0A6U5,['Cytoplasm'],['Cytoplasm']
DIP-47992N|uniprotkb:P0A6U5,DIP-48260N|uniprotkb:P0AFW2,['Cytoplasm'],['Cytoplasm']
DIP-11066N|refseq:NP_418463|uniprotkb:P26602,DIP-48260N|uniprotkb:P0AFW2,['Cytoplasm'],['Cytoplasm']
DIP-6159N|uniprotkb:P0CE47,DIP-11066N|refseq:NP_418463|uniprotkb:P26602,['Cytoplasm'],['Cytoplasm']
DIP-6159N|uniprotkb:P0CE47,DIP-36230N|uniprotkb:P0AED0,['Cytoplasm'],['Cytoplasm']
DIP-408N|uniprotkb:P0ABZ1,DIP-36230N|uniprotkb:P0AED0,['Cytoplasm'],['Cytoplasm']
DIP-408N|uniprotkb:P0ABZ1,DIP-10380N|refseq:NP_416789|uniprotkb:P33599,['Cytoplasm'],['Cytoplasm']
DIP-9520N|refseq:NP_289494|uniprotkb:P0A9B6,DIP-10380N|refseq:NP_416789|uniprotkb:P33599,['Cytoplasm'],['Cytoplasm']
DIP-9520N|refseq:NP_289494|uniprotkb:P0A9B6,DIP-10302N|refseq:NP_289793|uniprotkb:P0A6L4,['Cytoplasm'],['Cytoplasm']
DIP-6868N|refseq:NP_418418|uniprotkb:P30139,DIP-10302N|refseq:NP_289793|uniprotkb:P0A6L4,['Cytoplasm'],['Cytoplasm']
DIP-6868N|refseq:NP_418418|uniprotkb:P30139,DIP-9570N|refseq:NP_418331|uniprotkb:P32177,['Cytoplasm'],['Cytoplasm']
DIP-9570N|refseq:NP_418331|uniprotkb:P32177,DIP-11092N|refseq:NP_417075|uniprotkb:P12295,['Cytoplasm'],['Cytoplasm']
DIP-11092N|refseq:NP_417075|uniprotkb:P12295,DIP-48141N|uniprotkb:P0AAT6,['Cytoplasm'],['Cytoplasm']
DIP-9512N|refseq:NP_286322|uniprotkb:P0ADI4,DIP-48141N|uniprotkb:P0AAT6,['Cytoplasm'],['Cytoplasm']
DIP-9512N|refseq:NP_286322|uniprotkb:P0ADI4,DIP-11075N|refseq:NP_418275|uniprotkb:P12758,['Cytoplasm'],['Cytoplasm']
DIP-11075N|refseq:NP_418275|uniprotkb:P12758,DIP-12035N|refseq:NP_417012|uniprotkb:P36979,['Cytoplasm'],['Cytoplasm']
DIP-10517N|uniprotkb:P27247,DIP-12035N|refseq:NP_417012|uniprotkb:P36979,['Cytoplasm'],['Cytoplasm']
DIP-9751N|refseq:NP_289363|uniprotkb:P0A9F6,DIP-10517N|uniprotkb:P27247,['Cytoplasm'],['Cytoplasm']
DIP-9751N|refseq:NP_289363|uniprotkb:P0A9F6,DIP-11232N|refseq:NP_414802|uniprotkb:P75682,['Cytoplasm'],['Cytoplasm']
DIP-1101N|refseq:NP_416456|uniprotkb:P15070,DIP-11232N|refseq:NP_414802|uniprotkb:P75682,['Cytoplasm'],['Cytoplasm']
DIP-1101N|refseq:NP_416456|uniprotkb:P15070,DIP-11991N|refseq:NP_416844|uniprotkb:P76503,['Cytoplasm'],['Cytoplasm']
DIP-10593N|refseq:NP_417080|uniprotkb:P23830,DIP-11991N|refseq:NP_416844|uniprotkb:P76503,['Cytoplasm'],['Cytoplasm']
DIP-10593N|refseq:NP_417080|uniprotkb:P23830,DIP-10840N|refseq:NP_414640|uniprotkb:P10408,['Cytoplasm'],['Cytoplasm']
DIP-10840N|refseq:NP_414640|uniprotkb:P10408,DIP-51206N|uniprotkb:P0A9G4,['Cytoplasm'],['Cytoplasm']
DIP-35833N|uniprotkb:P69506,DIP-51206N|uniprotkb:P0A9G4,['Cytoplasm'],['Cytoplasm']
DIP-10777N|refseq:NP_417221|uniprotkb:P13445,DIP-35833N|uniprotkb:P69506,['Cytoplasm'],['Cytoplasm']
DIP-10777N|refseq:NP_417221|uniprotkb:P13445,DIP-28083N|uniprotkb:P0A9F1,['Cytoplasm'],['Cytoplasm']
DIP-9775N|refseq:NP_418185|uniprotkb:P17169,DIP-28083N|uniprotkb:P0A9F1,['Cytoplasm'],['Cytoplasm']
DIP-9775N|refseq:NP_418185|uniprotkb:P17169,DIP-10044N|refseq:NP_414955|uniprotkb:P22939,['Cytoplasm'],['Cytoplasm']
DIP-6141N|refseq:NP_417104|uniprotkb:P09372,DIP-10044N|refseq:NP_414955|uniprotkb:P22939,['Cytoplasm'],['Cytoplasm']
DIP-6141N|refseq:NP_417104|uniprotkb:P09372,DIP-11082N|refseq:NP_290304|uniprotkb:P0AGA6,['Cytoplasm'],['Cytoplasm']
DIP-11082N|refseq:NP_290304|uniprotkb:P0AGA6,DIP-47990N|uniprotkb:P0AEN8,['Cytoplasm'],['Cytoplasm']
DIP-9181N|refseq:NP_415448|uniprotkb:P00509,DIP-47990N|uniprotkb:P0AEN8,['Cytoplasm'],['Cytoplasm']
DIP-9181N|refseq:NP_415448|uniprotkb:P00509,DIP-12118N|refseq:NP_417235|uniprotkb:Q46896,['Cytoplasm'],['Cytoplasm']
DIP-10573N|refseq:NP_414736|uniprotkb:P16659,DIP-12118N|refseq:NP_417235|uniprotkb:Q46896,['Cytoplasm'],['Cytoplasm']
DIP-10469N|refseq:NP_418386|uniprotkb:P32674,DIP-10573N|refseq:NP_414736|uniprotkb:P16659,['Cytoplasm'],['Cytoplasm']
DIP-10469N|refseq:NP_418386|uniprotkb:P32674,DIP-39402N|uniprotkb:P0A7I4,['Cytoplasm'],['Cytoplasm']
DIP-12469N|refseq:NP_418202|uniprotkb:P31473,DIP-39402N|uniprotkb:P0A7I4,['Cytoplasm'],['Cytoplasm']
DIP-10281N|refseq:NP_414628|uniprotkb:P11880,DIP-12469N|refseq:NP_418202|uniprotkb:P31473,['Cytoplasm'],['Cytoplasm']
DIP-10281N|refseq:NP_414628|uniprotkb:P11880,DIP-35985N|uniprotkb:P0A948,['Cytoplasm'],['Cytoplasm']
DIP-10194N|refseq:NP_416617|uniprotkb:P00959,DIP-35985N|uniprotkb:P0A948,['Cytoplasm'],['Cytoplasm']
DIP-10194N|refseq:NP_416617|uniprotkb:P00959,DIP-48256N|uniprotkb:P0A6D3,['Cytoplasm'],['Cytoplasm']
DIP-10847N|refseq:NP_290171|uniprotkb:P0A821,DIP-48256N|uniprotkb:P0A6D3,['Cytoplasm'],['Cytoplasm']
DIP-10847N|refseq:NP_290171|uniprotkb:P0A821,DIP-35841N|uniprotkb:P0A796,['Cytoplasm'],['Cytoplasm']
DIP-12581N|refseq:NP_418585|uniprotkb:P39286,DIP-35841N|uniprotkb:P0A796,['Cytoplasm'],['Cytoplasm']
DIP-9348N|refseq:NP_286296|uniprotkb:P0ACZ8,DIP-12581N|refseq:NP_418585|uniprotkb:P39286,['Cytoplasm'],['Cytoplasm']
DIP-9348N|refseq:NP_286296|uniprotkb:P0ACZ8,DIP-9744N|refseq:NP_416596|uniprotkb:P37188,['Cytoplasm'],['Cytoplasm']
DIP-9744N|refseq:NP_416596|uniprotkb:P37188,DIP-10568N|refseq:NP_414778|uniprotkb:P07004,['Cytoplasm'],['Cytoplasm']
DIP-10568N|refseq:NP_414778|uniprotkb:P07004,DIP-35839N|uniprotkb:P0A717,['Cytoplasm'],['Cytoplasm']
DIP-31865N|uniprotkb:P0AGD7,DIP-35839N|uniprotkb:P0A717,['Cytoplasm'],['Cytoplasm']
DIP-29379N|uniprotkb:P0A953,DIP-31865N|uniprotkb:P0AGD7,['Cytoplasm'],['Cytoplasm']
DIP-10807N|refseq:NP_416125|uniprotkb:P52108,DIP-29379N|uniprotkb:P0A953,['Cytoplasm'],['Cytoplasm']
DIP-10807N|refseq:NP_416125|uniprotkb:P52108,DIP-10997N|uniprotkb:P37666,['Cytoplasm'],['Cytoplasm']
DIP-10997N|uniprotkb:P37666,DIP-12310N|refseq:NP_417804|uniprotkb:P45532,['Cytoplasm'],['Cytoplasm']
DIP-10193N|refseq:NP_417481|uniprotkb:P06721,DIP-12310N|refseq:NP_417804|uniprotkb:P45532,['Cytoplasm'],['Cytoplasm']
DIP-9272N|refseq:NP_416397|uniprotkb:P07330,DIP-10193N|refseq:NP_417481|uniprotkb:P06721,['Cytoplasm'],['Cytoplasm']
DIP-9272N|refseq:NP_416397|uniprotkb:P07330,DIP-9749N|refseq:NP_417536|uniprotkb:P05852,['Cytoplasm'],['Cytoplasm']
DIP-9749N|refseq:NP_417536|uniprotkb:P05852,DIP-35822N|uniprotkb:P0A754,['Cytoplasm'],['Cytoplasm']
DIP-9886N|refseq:NP_414696|uniprotkb:P23893,DIP-35822N|uniprotkb:P0A754,['Cytoplasm'],['Cytoplasm']
DIP-9886N|refseq:NP_414696|uniprotkb:P23893,DIP-10587N|refseq:NP_287884|uniprotkb:P0AFM6,['Cytoplasm'],['Cytoplasm']
DIP-10587N|refseq:NP_287884|uniprotkb:P0AFM6,DIP-36211N|uniprotkb:P0A8N3,['Cytoplasm'],['Cytoplasm']
DIP-9521N|refseq:NP_417061|uniprotkb:P06616,DIP-36211N|uniprotkb:P0A8N3,['Cytoplasm'],['Cytoplasm']
DIP-9521N|refseq:NP_417061|uniprotkb:P06616,DIP-10119N|refseq:NP_418803|uniprotkb:P32099,['Cytoplasm'],['Cytoplasm']
DIP-10119N|refseq:NP_418803|uniprotkb:P32099,DIP-12295N|refseq:NP_417719|uniprotkb:P26646,['Cytoplasm'],['Cytoplasm']
DIP-10690N|refseq:NP_418339|uniprotkb:P32170,DIP-12295N|refseq:NP_417719|uniprotkb:P26646,['Cytoplasm'],['Cytoplasm']
DIP-10690N|refseq:NP_418339|uniprotkb:P32170,DIP-48117N|uniprotkb:P0ADE8,['Cytoplasm'],['Cytoplasm']
DIP-12263N|uniprotkb:P45470,DIP-48117N|uniprotkb:P0ADE8,['Cytoplasm'],['Cytoplasm']
DIP-12263N|uniprotkb:P45470,DIP-47867N|uniprotkb:P0AF67,['Cytoplasm'],['Cytoplasm']
DIP-10601N|uniprotkb:P32670,DIP-47867N|uniprotkb:P0AF67,['Cytoplasm'],['Cytoplasm']
